index,signature,submit_slot,landed_slot,delta_slots,latency_ms,cu_consumed,fee_lamports,network
1,5jk72EwpTq9LeU196Z8qtDvF3kkbaif4S6UV7WoQPdGuzGi516N9a9RXgoHfW2uZYqCHban9skyYuquMbGurPiRU,507373196,507373201,5,2217,27350,5100,devnet
2,5hQ5yKS7M8q6b5FYZNwfvYWDKgeQWSiPxASzsw1PL9FML6mhtYufHcWpEMgTJ21n2i1kfdrEzcZKFWuvYz188e3T,507373209,507373216,7,2701,27350,5100,devnet
3,dy3VwnhuSuMVgEUAHHGLeV8cCSSMeyKc5X3W8iUHqCE9YVdqVwm9nZTYRb1STcU5nFvKT2AZdMPNxzJ8Abd8YUx,507373225,507373230,5,2598,27350,5100,devnet
4,3Eb7Yj3eTncfQ1881L3nYntFdwkXYJ64JizJ7P1kACN86WE5EGDCRiquGKeDzWUH2bR4bYUeiVYtGL1qY1XMFLMf,507373239,507373244,5,2978,27350,5100,devnet
5,3LPJf1idsujYBrv8RNinbWk5UpHZqo65F5Sta42jWFvw7ALuUUMkpdv91y6DwLKPEMUPsGMrnmZ5dpt543CdjJgZ,507373254,507373261,7,3281,27350,5100,devnet
6,4F9DFgwi1cTietZfonuCfWoJzt8vywjDqeLUfGzL8v3yiUL2KygCAVkUAHsiCMvGgu4nb1fLEmFWZzMWNMpueBHL,507373272,507373279,7,2894,27350,5100,devnet
7,2qzUE3A4KxcGPcqjwLvp6ETeG9HtpnhKJmUwAYv7Xf9C3sbn5qay2RrD98KaFw9YvyQECtSyxvRXur36HSubMoVq,507373287,507373293,6,2965,27350,5100,devnet
8,4m3vUAi8rRo1TpqZicGm7nTHhGDXdErHAUUt5Lxfdm2KT9LYFZ9xJMS3bbdntmjnASe66eS7YLzPiuwRsZ1W5R1u,507373303,507373308,5,3036,27350,5100,devnet
9,4QyfBQqvpJaXcG6BpdoKcPhnp3uUsPKVtteFW8w83mfR7Cd2h6HBtU8P7DxnehEZ8U18PvnrAnnrfpeZ3FDiMXve,507373319,507373333,14,3943,27350,5100,devnet
10,5b38kX7cAt1FQsJA6a85y5H4YNLdjFrLj1x2We6GVo8avAdbFaGAaJ73YZojAffgfNGX6UcpFVDPttWCM6GwaLhj,507373339,507373344,5,3980,27350,5100,devnet
11,3MvKxyH1dskMytfbJmWwvSmaAonJha3j6Sftqrxgvxnnt6LYLBXLDFaQDHYPKzCc21umqykWAe2bLwLd5tHB9pbR,507373359,507373364,5,2034,27713,5100,devnet
12,4BvtkVGu7NTe1JJ54zb6svr7qb2hqWbqw5v31rix5zmr3SEFmaMKZdUuh91Vb2zfQqee5BiJSifSEaxFJE6kqLFf,507373370,507373376,6,3187,27713,5100,devnet
13,3Ym5KsWLruHujf7huQ1NrQYv6LGkoJryZtKmzr8bzXse9kyndWwyu8ong2sJo7Jpw182B5h6CSL6J1MZayQ6jEsT,507373388,507373394,6,3377,27713,5100,devnet
14,2PCwGbVXTNiC87Wv3EBYCAPzejK9Lk4krk9e7Ud8HkpibLND2sisSgmXkKgzHM6keYgMEa5WXR8pgKnP9Q5V48jQ,507373405,507373411,6,3725,27713,5100,devnet
15,31B38zShE9GBCYDQZpbfMtC8o7jMF6Hz4gkrVBJXcTHku1cZYyU2j7vDFr22YxLfefaguYLzyWCrftY4xQZHszXZ,507373425,507373431,6,3421,27713,5100,devnet
